{
  "name": "control.policy",
  "path": "artifacts/onnx/policy_dummy.onnx",
  "provider": "CPUExecutionProvider",
  "iters": 200,
  "warmup": 30,
  "p50_ms": 0.008597000487498008,
  "p90_ms": 0.008826100201986264,
  "p99_ms": 0.009167499010800384,
  "mean_ms": 0.008668974978718325,
  "fps": 112182.20191143983
}