{
  "name": "control.policy",
  "path": "artifacts/onnx/policy_dummy.onnx",
  "provider": "CPUExecutionProvider",
  "iters": 200,
  "warmup": 30,
  "p50_ms": 0.009037001291289926,
  "p90_ms": 0.00919710291782394,
  "p99_ms": 0.01131498040194852,
  "mean_ms": 0.00915215008717496,
  "fps": 106882.08392534721
}