{
  "name": "control.policy",
  "path": "artifacts/onnx/policy_dummy.onnx",
  "provider": "CPUExecutionProvider",
  "iters": 200,
  "warmup": 30,
  "p50_ms": 0.00886599809746258,
  "p90_ms": 0.009158003376796842,
  "p99_ms": 0.010000760521506861,
  "mean_ms": 0.008964545413618907,
  "fps": 108930.91927347406
}