key,value
in_shape,"[1, 3, 384, 640]"
out_shape,"[1, 3, 384, 640]"
min,0.0
max,1.0
mean,0.49889039993286133
std,0.10829698294401169
