{
  "model": "artifacts/onnx/depth_e24.onnx",
  "input_shape": [
    1,
    3,
    384,
    640
  ],
  "output_shape": [
    1,
    1,
    384,
    640
  ],
  "stats": {
    "mean": 0.5000000596046448,
    "std": 0.09622517228126526,
    "min": 0.333333820104599,
    "max": 0.6666662096977234
  },
  "sha256": "0f9b0fc8f4fc9f118e41db53e1866f29a8dbf3783f17c36b798cb26ca2bba7aa",
  "p50_ms": 0.4915609970339574
}