{
  "depth_input_shape": [
    1,
    3,
    384,
    640
  ],
  "depth_output_shape": [
    1,
    1,
    384,
    640
  ],
  "policy_input_shape": [
    1,
    64
  ],
  "policy_output_shape": [
    1,
    4
  ],
  "p50_depth_ms": 0.8110799789428711,
  "p50_policy_ms": 1.837491512298584,
  "iters": 2
}