{
  "name": "perception.depth",
  "path": "artifacts/onnx/depth_e24.onnx",
  "provider": "CPUExecutionProvider",
  "iters": 200,
  "warmup": 30,
  "p50_ms": 0.09753999984241091,
  "p90_ms": 0.1065809978172183,
  "p99_ms": 0.35525279927241915,
  "mean_ms": 0.10994932486937614,
  "fps": 9071.454944069133
}