{
  "name": "perception.depth",
  "path": "artifacts/onnx/depth_e24.onnx",
  "provider": "CPUExecutionProvider",
  "iters": 200,
  "warmup": 30,
  "p50_ms": 0.09643300109019037,
  "p90_ms": 0.10607309741317295,
  "p99_ms": 3.0669644270892515,
  "mean_ms": 0.18049857500955113,
  "fps": 5531.77828191377
}