{
  "name": "perception.depth",
  "path": "artifacts/onnx/depth_e24.onnx",
  "provider": "CPUExecutionProvider",
  "iters": 200,
  "warmup": 30,
  "p50_ms": 0.07165500028349925,
  "p90_ms": 0.07684800075367093,
  "p99_ms": 0.08612340006948216,
  "mean_ms": 0.072247895077453,
  "fps": 13788.89640687159
}