{
  "name": "perception.depth",
  "path": "artifacts/onnx/depth_e24.onnx",
  "provider": "CPUExecutionProvider",
  "iters": 200,
  "warmup": 30,
  "p50_ms": 0.09654800032876665,
  "p90_ms": 0.10031390047515742,
  "p99_ms": 0.10490475955521103,
  "mean_ms": 0.09813725498133863,
  "fps": 10158.343690211079
}
