{
  "model": "artifacts/onnx/policy_dummy.onnx",
  "latency_ms": 9.702920913696289,
  "in_shape": [
    1,
    64
  ],
  "out_shape": [
    4
  ],
  "mean": -3.80031156539917,
  "std": 3.1189444065093994
}