{
  "model": "artifacts/onnx/policy_dummy.onnx",
  "latency_ms": 9.521007537841797,
  "in_shape": [
    1,
    64
  ],
  "out_shape": [
    4
  ],
  "mean": -3.833158493041992,
  "std": 9.283753395080566
}
