{
  "model": "artifacts/onnx/policy_dummy.onnx",
  "latency_ms": 8.089303970336914,
  "in_shape": [
    1,
    64
  ],
  "out_shape": [
    4
  ],
  "mean": 1.5,
  "std": 1.1180340051651
}