{
  "depth_input_shape": [
    1,
    3,
    384,
    640
  ],
  "depth_output_shape": [
    1,
    1,
    384,
    640
  ],
  "policy_input_shape": [
    1,
    64
  ],
  "policy_output_shape": [
    1,
    4
  ],
  "p50_depth_ms": 1.2186480015516281,
  "p50_policy_ms": 0.8678130060434341,
  "iters": 3
}
